{"cameraMode":{"drawMode":0,"name":"Shaded","section":"Shading Mode"},"sceneLighting":true,"audioPlay":false,"sceneViewState":{"m_AlwaysRefresh":false,"showFog":true,"showSkybox":true,"showFlares":true,"showImageEffects":true,"showParticleSystems":true,"showVisualEffectGraphs":true,"m_FxEnabled":true},"in2DMode":false,"pivot":{"x":1040.7303466796875,"y":540.6170654296875,"z":978.9335327148438},"rotation":{"x":0.05426912009716034,"y":-0.022968633100390435,"z":0.0012506156926974655,"w":0.9982687830924988},"size":1204.13916015625,"orthographic":false}