{"cameraMode":{"drawMode":0,"name":"Shaded","section":"Shading Mode"},"sceneLighting":true,"audioPlay":false,"sceneViewState":{"m_AlwaysRefresh":false,"showFog":true,"showSkybox":true,"showFlares":true,"showImageEffects":true,"showParticleSystems":true,"showVisualEffectGraphs":true,"m_FxEnabled":true},"in2DMode":false,"pivot":{"x":643.9718627929688,"y":418.0860290527344,"z":-2.798248291015625},"rotation":{"x":0.010809535160660744,"y":0.000995830399915576,"z":-0.000010693249350879341,"w":0.9999428987503052},"size":381.15496826171877,"orthographic":false}