{"cameraMode":{"drawMode":0,"name":"Shaded","section":"Shading Mode"},"sceneLighting":true,"audioPlay":false,"sceneViewState":{"m_AlwaysRefresh":false,"showFog":true,"showSkybox":true,"showFlares":true,"showImageEffects":true,"showParticleSystems":true,"showVisualEffectGraphs":true,"m_FxEnabled":true},"in2DMode":false,"pivot":{"x":66.09809112548828,"y":446.56378173828127,"z":-2.36456298828125},"rotation":{"x":-0.06345928460359574,"y":0.002585998736321926,"z":-0.00017043304978869855,"w":-0.9980019330978394},"size":412.7711181640625,"orthographic":false}