{"cameraMode":{"drawMode":0,"name":"Shaded","section":"Shading Mode"},"sceneLighting":true,"audioPlay":false,"sceneViewState":{"m_AlwaysRefresh":false,"showFog":true,"showSkybox":true,"showFlares":true,"showImageEffects":true,"showParticleSystems":true,"showVisualEffectGraphs":true,"m_FxEnabled":true},"in2DMode":false,"pivot":{"x":-144.08837890625,"y":214.4103546142578,"z":6681.912109375},"rotation":{"x":0.010809535160660744,"y":0.000995830399915576,"z":-0.000010693249350879341,"w":0.9999428987503052},"size":3868.319580078125,"orthographic":false}